{
  "initial_equity": 1000000.0,
  "final_equity": 999650.3101300001,
  "total_return": -0.00034968986999988553,
  "annual_return": -0.0031863907572927674,
  "max_drawdown": -0.09534508772448032,
  "total_trades": 31,
  "win_rate": 0.3870967741935484,
  "avg_win": 12090.91780583333,
  "avg_loss": -7654.773870526318,
  "profit_factor": 1.579526451119319
}